-- =====================================================================
-- V5: More sports & skills, plus seeded demo users
--   - Adds skills to sports that had none (Football, Basketball, Swimming,
--     Boxing) and richer, measurable skills elsewhere (incl. ski distance/time).
--   - Adds new sports (Padel, Hiking, Rowing, Pilates), each with skills.
--   - Seeds 8 demo users (password: admin123) with profiles, sports, skills
--     (with recorded data) and locations around Sofia so the feed and the new
--     per-sport sections have content.
-- =====================================================================

-- ---- New sports -----------------------------------------------------
INSERT INTO sports (id, name, description) VALUES
 ('10000000-0000-0000-0000-00000000000d', 'Padel',   'Padel singles and doubles.'),
 ('10000000-0000-0000-0000-00000000000e', 'Hiking',  'Day hikes, summits and fast packing.'),
 ('10000000-0000-0000-0000-00000000000f', 'Rowing',  'Indoor erg and on-water rowing.'),
 ('10000000-0000-0000-0000-000000000010', 'Pilates', 'Mat and reformer pilates.');

-- ---- New / measurable skills ---------------------------------------
-- Skiing: timed runs + top speed (the requested "fastest 5 km" style skills).
INSERT INTO skills (sport_id, name, metric_type) VALUES
 ('10000000-0000-0000-0000-000000000006', 'Fastest 5 km',  'ENDURANCE_DISTANCE'),
 ('10000000-0000-0000-0000-000000000006', 'Fastest 10 km', 'ENDURANCE_DISTANCE'),
 ('10000000-0000-0000-0000-000000000006', 'Top Speed',     'SPEED');

-- Football
INSERT INTO skills (sport_id, name, metric_type) VALUES
 ('10000000-0000-0000-0000-000000000007', 'Casual Match',  'NONE'),
 ('10000000-0000-0000-0000-000000000007', 'Five-a-side',   'NONE'),
 ('10000000-0000-0000-0000-000000000007', '11-a-side',     'NONE'),
 ('10000000-0000-0000-0000-000000000007', 'Sprint Speed',  'SPEED');

-- Basketball
INSERT INTO skills (sport_id, name, metric_type) VALUES
 ('10000000-0000-0000-0000-000000000008', '3x3',               'NONE'),
 ('10000000-0000-0000-0000-000000000008', '5v5',               'NONE'),
 ('10000000-0000-0000-0000-000000000008', 'Shooting Practice', 'ENDURANCE_REPS'),
 ('10000000-0000-0000-0000-000000000008', 'Vertical Jump',     'NONE');

-- Swimming
INSERT INTO skills (sport_id, name, metric_type) VALUES
 ('10000000-0000-0000-0000-00000000000b', 'Freestyle',        'NONE'),
 ('10000000-0000-0000-0000-00000000000b', '50m Freestyle',    'SPEED'),
 ('10000000-0000-0000-0000-00000000000b', '1 km Open Water',  'ENDURANCE_DISTANCE'),
 ('10000000-0000-0000-0000-00000000000b', 'Backstroke',       'NONE');

-- Boxing
INSERT INTO skills (sport_id, name, metric_type) VALUES
 ('10000000-0000-0000-0000-00000000000c', 'Sparring',     'NONE'),
 ('10000000-0000-0000-0000-00000000000c', 'Heavy Bag',    'ENDURANCE_REPS'),
 ('10000000-0000-0000-0000-00000000000c', 'Pad Work',     'NONE'),
 ('10000000-0000-0000-0000-00000000000c', 'Conditioning', 'ENDURANCE_DISTANCE');

-- Tennis & Cycling: a couple of measurable extras
INSERT INTO skills (sport_id, name, metric_type) VALUES
 ('10000000-0000-0000-0000-000000000004', 'Serve Speed',    'SPEED'),
 ('10000000-0000-0000-0000-000000000009', 'Fastest 40 km',  'ENDURANCE_DISTANCE'),
 ('10000000-0000-0000-0000-000000000009', 'Sprint',         'SPEED');

-- New sports' skills
INSERT INTO skills (sport_id, name, metric_type) VALUES
 ('10000000-0000-0000-0000-00000000000d', 'Singles',     'NONE'),
 ('10000000-0000-0000-0000-00000000000d', 'Doubles',     'NONE'),
 ('10000000-0000-0000-0000-00000000000d', 'Drills',      'NONE'),
 ('10000000-0000-0000-0000-00000000000e', 'Day Hike',    'ENDURANCE_DISTANCE'),
 ('10000000-0000-0000-0000-00000000000e', 'Summit Push', 'ENDURANCE_DISTANCE'),
 ('10000000-0000-0000-0000-00000000000e', 'Fast Packing','ENDURANCE_DISTANCE'),
 ('10000000-0000-0000-0000-00000000000f', '2 km Erg',    'ENDURANCE_DISTANCE'),
 ('10000000-0000-0000-0000-00000000000f', '5 km Erg',    'ENDURANCE_DISTANCE'),
 ('10000000-0000-0000-0000-00000000000f', 'Sculling',    'NONE'),
 ('10000000-0000-0000-0000-000000000010', 'Mat',         'NONE'),
 ('10000000-0000-0000-0000-000000000010', 'Reformer',    'NONE'),
 ('10000000-0000-0000-0000-000000000010', 'Core',        'ENDURANCE_REPS');

-- ---- Demo users (password: admin123) --------------------------------
INSERT INTO users (id, email, password_hash, role, enabled) VALUES
 ('00000000-0000-0000-0000-000000000002', 'maria@tempoup.bg',   '$2a$10$N9qo8uLOickgx2ZMRZoMyeIjZAgcfl7p92ldGxad68LJZdL17lhWy', 'USER', TRUE),
 ('00000000-0000-0000-0000-000000000003', 'georgi@tempoup.bg',  '$2a$10$N9qo8uLOickgx2ZMRZoMyeIjZAgcfl7p92ldGxad68LJZdL17lhWy', 'USER', TRUE),
 ('00000000-0000-0000-0000-000000000004', 'elena@tempoup.bg',   '$2a$10$N9qo8uLOickgx2ZMRZoMyeIjZAgcfl7p92ldGxad68LJZdL17lhWy', 'USER', TRUE),
 ('00000000-0000-0000-0000-000000000005', 'nikola@tempoup.bg',  '$2a$10$N9qo8uLOickgx2ZMRZoMyeIjZAgcfl7p92ldGxad68LJZdL17lhWy', 'USER', TRUE),
 ('00000000-0000-0000-0000-000000000006', 'ivana@tempoup.bg',   '$2a$10$N9qo8uLOickgx2ZMRZoMyeIjZAgcfl7p92ldGxad68LJZdL17lhWy', 'USER', TRUE),
 ('00000000-0000-0000-0000-000000000007', 'stefan@tempoup.bg',  '$2a$10$N9qo8uLOickgx2ZMRZoMyeIjZAgcfl7p92ldGxad68LJZdL17lhWy', 'USER', TRUE),
 ('00000000-0000-0000-0000-000000000008', 'petya@tempoup.bg',   '$2a$10$N9qo8uLOickgx2ZMRZoMyeIjZAgcfl7p92ldGxad68LJZdL17lhWy', 'USER', TRUE),
 ('00000000-0000-0000-0000-000000000009', 'dimitar@tempoup.bg', '$2a$10$N9qo8uLOickgx2ZMRZoMyeIjZAgcfl7p92ldGxad68LJZdL17lhWy', 'USER', TRUE);

INSERT INTO profiles (user_id, display_name, bio, city, photo_url, location) VALUES
 ('00000000-0000-0000-0000-000000000002', 'Maria Ivanova',   'Lifting in the morning, running at night.',        'Sofia', 'https://i.pravatar.cc/400?u=00000000-0000-0000-0000-000000000002', ST_SetSRID(ST_MakePoint(23.3219, 42.6977), 4326)::geography),
 ('00000000-0000-0000-0000-000000000003', 'Georgi Petrov',   'Skier in winter, cyclist in summer.',               'Sofia', 'https://i.pravatar.cc/400?u=00000000-0000-0000-0000-000000000003', ST_SetSRID(ST_MakePoint(23.3300, 42.7000), 4326)::geography),
 ('00000000-0000-0000-0000-000000000004', 'Elena Dimitrova', 'Tennis and yoga most days.',                        'Sofia', 'https://i.pravatar.cc/400?u=00000000-0000-0000-0000-000000000004', ST_SetSRID(ST_MakePoint(23.3100, 42.6900), 4326)::geography),
 ('00000000-0000-0000-0000-000000000005', 'Nikola Stoyanov', 'Five-a-side regular, weekend baller.',              'Sofia', 'https://i.pravatar.cc/400?u=00000000-0000-0000-0000-000000000005', ST_SetSRID(ST_MakePoint(23.3400, 42.6950), 4326)::geography),
 ('00000000-0000-0000-0000-000000000006', 'Ivana Koleva',    'Swimmer and trail runner.',                         'Sofia', 'https://i.pravatar.cc/400?u=00000000-0000-0000-0000-000000000006', ST_SetSRID(ST_MakePoint(23.3150, 42.7050), 4326)::geography),
 ('00000000-0000-0000-0000-000000000007', 'Stefan Marinov',  'Powerlifter who boxes to stay sharp.',              'Sofia', 'https://i.pravatar.cc/400?u=00000000-0000-0000-0000-000000000007', ST_SetSRID(ST_MakePoint(23.3250, 42.6920), 4326)::geography),
 ('00000000-0000-0000-0000-000000000008', 'Petya Hristova',  'Climber and weekend hiker.',                        'Sofia', 'https://i.pravatar.cc/400?u=00000000-0000-0000-0000-000000000008', ST_SetSRID(ST_MakePoint(23.3050, 42.7010), 4326)::geography),
 ('00000000-0000-0000-0000-000000000009', 'Dimitar Angelov', 'Marathoner, ski tourer off-season.',                'Sofia', 'https://i.pravatar.cc/400?u=00000000-0000-0000-0000-000000000009', ST_SetSRID(ST_MakePoint(23.3350, 42.7030), 4326)::geography);

-- ---- User sports ----------------------------------------------------
INSERT INTO user_sports (id, user_id, sport_id, proficiency_level, is_priority) VALUES
 ('20000000-0000-0000-0000-000000000001', '00000000-0000-0000-0000-000000000002', '10000000-0000-0000-0000-000000000001', 'INTERMEDIATE', TRUE),
 ('20000000-0000-0000-0000-000000000002', '00000000-0000-0000-0000-000000000002', '10000000-0000-0000-0000-000000000003', 'ADVANCED',     FALSE),
 ('20000000-0000-0000-0000-000000000003', '00000000-0000-0000-0000-000000000003', '10000000-0000-0000-0000-000000000006', 'ADVANCED',     TRUE),
 ('20000000-0000-0000-0000-000000000004', '00000000-0000-0000-0000-000000000003', '10000000-0000-0000-0000-000000000009', 'INTERMEDIATE', FALSE),
 ('20000000-0000-0000-0000-000000000005', '00000000-0000-0000-0000-000000000004', '10000000-0000-0000-0000-000000000004', 'INTERMEDIATE', TRUE),
 ('20000000-0000-0000-0000-000000000006', '00000000-0000-0000-0000-000000000004', '10000000-0000-0000-0000-00000000000a', 'BEGINNER',     FALSE),
 ('20000000-0000-0000-0000-000000000007', '00000000-0000-0000-0000-000000000005', '10000000-0000-0000-0000-000000000007', 'INTERMEDIATE', TRUE),
 ('20000000-0000-0000-0000-000000000008', '00000000-0000-0000-0000-000000000005', '10000000-0000-0000-0000-000000000008', 'BEGINNER',     FALSE),
 ('20000000-0000-0000-0000-000000000009', '00000000-0000-0000-0000-000000000006', '10000000-0000-0000-0000-00000000000b', 'ADVANCED',     TRUE),
 ('20000000-0000-0000-0000-00000000000a', '00000000-0000-0000-0000-000000000006', '10000000-0000-0000-0000-000000000003', 'INTERMEDIATE', FALSE),
 ('20000000-0000-0000-0000-00000000000b', '00000000-0000-0000-0000-000000000007', '10000000-0000-0000-0000-000000000001', 'ADVANCED',     TRUE),
 ('20000000-0000-0000-0000-00000000000c', '00000000-0000-0000-0000-000000000007', '10000000-0000-0000-0000-00000000000c', 'INTERMEDIATE', FALSE),
 ('20000000-0000-0000-0000-00000000000d', '00000000-0000-0000-0000-000000000008', '10000000-0000-0000-0000-000000000005', 'INTERMEDIATE', TRUE),
 ('20000000-0000-0000-0000-00000000000e', '00000000-0000-0000-0000-000000000008', '10000000-0000-0000-0000-00000000000e', 'BEGINNER',     FALSE),
 ('20000000-0000-0000-0000-00000000000f', '00000000-0000-0000-0000-000000000009', '10000000-0000-0000-0000-000000000003', 'ADVANCED',     TRUE),
 ('20000000-0000-0000-0000-000000000010', '00000000-0000-0000-0000-000000000009', '10000000-0000-0000-0000-000000000006', 'INTERMEDIATE', FALSE);

-- ---- User skills (with recorded data; some starred) -----------------
-- Maria — Gym
INSERT INTO user_skills (user_sport_id, skill_id, weight_kg, reps, distance_km, duration_seconds, speed_kmh, is_starred) VALUES
 ('20000000-0000-0000-0000-000000000001', (SELECT id FROM skills WHERE sport_id='10000000-0000-0000-0000-000000000001' AND name='Bench Press'), 60, 5, NULL, NULL, NULL, TRUE),
 ('20000000-0000-0000-0000-000000000001', (SELECT id FROM skills WHERE sport_id='10000000-0000-0000-0000-000000000001' AND name='Squat'),       90, 5, NULL, NULL, NULL, FALSE),
 ('20000000-0000-0000-0000-000000000001', (SELECT id FROM skills WHERE sport_id='10000000-0000-0000-0000-000000000001' AND name='Pull-ups'),    NULL, 10, NULL, NULL, NULL, FALSE),
-- Maria — Running
 ('20000000-0000-0000-0000-000000000002', (SELECT id FROM skills WHERE sport_id='10000000-0000-0000-0000-000000000003' AND name='5K'),  NULL, NULL, 5, 1350, NULL, TRUE),
 ('20000000-0000-0000-0000-000000000002', (SELECT id FROM skills WHERE sport_id='10000000-0000-0000-0000-000000000003' AND name='10K'), NULL, NULL, 10, 3000, NULL, FALSE),
-- Georgi — Skiing
 ('20000000-0000-0000-0000-000000000003', (SELECT id FROM skills WHERE sport_id='10000000-0000-0000-0000-000000000006' AND name='Fastest 5 km'),  NULL, NULL, 5, 900, NULL, TRUE),
 ('20000000-0000-0000-0000-000000000003', (SELECT id FROM skills WHERE sport_id='10000000-0000-0000-0000-000000000006' AND name='Top Speed'),     NULL, NULL, NULL, NULL, 65, FALSE),
 ('20000000-0000-0000-0000-000000000003', (SELECT id FROM skills WHERE sport_id='10000000-0000-0000-0000-000000000006' AND name='Cross-Country'), NULL, NULL, NULL, NULL, NULL, FALSE),
-- Georgi — Cycling
 ('20000000-0000-0000-0000-000000000004', (SELECT id FROM skills WHERE sport_id='10000000-0000-0000-0000-000000000009' AND name='Road'),   NULL, NULL, 40, 4200, NULL, FALSE),
 ('20000000-0000-0000-0000-000000000004', (SELECT id FROM skills WHERE sport_id='10000000-0000-0000-0000-000000000009' AND name='Sprint'), NULL, NULL, NULL, NULL, 48, FALSE),
-- Elena — Tennis
 ('20000000-0000-0000-0000-000000000005', (SELECT id FROM skills WHERE sport_id='10000000-0000-0000-0000-000000000004' AND name='Singles'),     NULL, NULL, NULL, NULL, NULL, TRUE),
 ('20000000-0000-0000-0000-000000000005', (SELECT id FROM skills WHERE sport_id='10000000-0000-0000-0000-000000000004' AND name='Serve Speed'), NULL, NULL, NULL, NULL, 150, FALSE),
-- Elena — Yoga
 ('20000000-0000-0000-0000-000000000006', (SELECT id FROM skills WHERE sport_id='10000000-0000-0000-0000-00000000000a' AND name='Vinyasa'),    NULL, NULL, NULL, NULL, NULL, FALSE),
-- Nikola — Football
 ('20000000-0000-0000-0000-000000000007', (SELECT id FROM skills WHERE sport_id='10000000-0000-0000-0000-000000000007' AND name='11-a-side'),    NULL, NULL, NULL, NULL, NULL, TRUE),
 ('20000000-0000-0000-0000-000000000007', (SELECT id FROM skills WHERE sport_id='10000000-0000-0000-0000-000000000007' AND name='Sprint Speed'), NULL, NULL, NULL, NULL, 32, FALSE),
-- Nikola — Basketball
 ('20000000-0000-0000-0000-000000000008', (SELECT id FROM skills WHERE sport_id='10000000-0000-0000-0000-000000000008' AND name='5v5'),               NULL, NULL, NULL, NULL, NULL, FALSE),
 ('20000000-0000-0000-0000-000000000008', (SELECT id FROM skills WHERE sport_id='10000000-0000-0000-0000-000000000008' AND name='Shooting Practice'), NULL, 45, NULL, NULL, NULL, FALSE),
-- Ivana — Swimming
 ('20000000-0000-0000-0000-000000000009', (SELECT id FROM skills WHERE sport_id='10000000-0000-0000-0000-00000000000b' AND name='50m Freestyle'),   NULL, NULL, NULL, NULL, 6, TRUE),
 ('20000000-0000-0000-0000-000000000009', (SELECT id FROM skills WHERE sport_id='10000000-0000-0000-0000-00000000000b' AND name='1 km Open Water'), NULL, NULL, 1, 1080, NULL, FALSE),
-- Ivana — Running
 ('20000000-0000-0000-0000-00000000000a', (SELECT id FROM skills WHERE sport_id='10000000-0000-0000-0000-000000000003' AND name='5K'),            NULL, NULL, 5, 1500, NULL, FALSE),
 ('20000000-0000-0000-0000-00000000000a', (SELECT id FROM skills WHERE sport_id='10000000-0000-0000-0000-000000000003' AND name='Trail Running'), NULL, NULL, 12, 4200, NULL, FALSE),
-- Stefan — Gym
 ('20000000-0000-0000-0000-00000000000b', (SELECT id FROM skills WHERE sport_id='10000000-0000-0000-0000-000000000001' AND name='Deadlift'),    180, 3, NULL, NULL, NULL, TRUE),
 ('20000000-0000-0000-0000-00000000000b', (SELECT id FROM skills WHERE sport_id='10000000-0000-0000-0000-000000000001' AND name='Bench Press'), 110, 5, NULL, NULL, NULL, FALSE),
 ('20000000-0000-0000-0000-00000000000b', (SELECT id FROM skills WHERE sport_id='10000000-0000-0000-0000-000000000001' AND name='Squat'),       140, 5, NULL, NULL, NULL, FALSE),
-- Stefan — Boxing
 ('20000000-0000-0000-0000-00000000000c', (SELECT id FROM skills WHERE sport_id='10000000-0000-0000-0000-00000000000c' AND name='Sparring'),     NULL, NULL, NULL, NULL, NULL, FALSE),
 ('20000000-0000-0000-0000-00000000000c', (SELECT id FROM skills WHERE sport_id='10000000-0000-0000-0000-00000000000c' AND name='Conditioning'), NULL, NULL, 4, 1200, NULL, FALSE),
-- Petya — Climbing
 ('20000000-0000-0000-0000-00000000000d', (SELECT id FROM skills WHERE sport_id='10000000-0000-0000-0000-000000000005' AND name='Bouldering'),    NULL, NULL, NULL, NULL, NULL, TRUE),
 ('20000000-0000-0000-0000-00000000000d', (SELECT id FROM skills WHERE sport_id='10000000-0000-0000-0000-000000000005' AND name='Lead Climbing'), NULL, NULL, NULL, NULL, NULL, FALSE),
-- Petya — Hiking
 ('20000000-0000-0000-0000-00000000000e', (SELECT id FROM skills WHERE sport_id='10000000-0000-0000-0000-00000000000e' AND name='Day Hike'),    NULL, NULL, 15, 14400, NULL, FALSE),
 ('20000000-0000-0000-0000-00000000000e', (SELECT id FROM skills WHERE sport_id='10000000-0000-0000-0000-00000000000e' AND name='Summit Push'), NULL, NULL, 8, 10800, NULL, FALSE),
-- Dimitar — Running
 ('20000000-0000-0000-0000-00000000000f', (SELECT id FROM skills WHERE sport_id='10000000-0000-0000-0000-000000000003' AND name='Marathon'), NULL, NULL, 42, 12600, NULL, TRUE),
 ('20000000-0000-0000-0000-00000000000f', (SELECT id FROM skills WHERE sport_id='10000000-0000-0000-0000-000000000003' AND name='10K'),      NULL, NULL, 10, 2700, NULL, FALSE),
-- Dimitar — Skiing
 ('20000000-0000-0000-0000-000000000010', (SELECT id FROM skills WHERE sport_id='10000000-0000-0000-0000-000000000006' AND name='Fastest 10 km'), NULL, NULL, 10, 2100, NULL, FALSE),
 ('20000000-0000-0000-0000-000000000010', (SELECT id FROM skills WHERE sport_id='10000000-0000-0000-0000-000000000006' AND name='Alpine'),        NULL, NULL, NULL, NULL, NULL, FALSE);
